{"cameraMode":{"drawMode":0,"name":"Shaded","section":"Shading Mode"},"sceneLighting":true,"audioPlay":false,"sceneViewState":{"showFog":true,"showMaterialUpdate":false,"showSkybox":true,"showFlares":true,"showImageEffects":true,"showParticleSystems":true},"in2DMode":false,"pivot":{"x":34.719913482666019,"y":86.29246520996094,"z":-67.26531982421875},"rotation":{"x":-0.1289493590593338,"y":-0.5135769248008728,"z":0.07843145728111267,"w":-0.8447197079658508},"size":8.352652549743653,"orthographic":false}