{"cameraMode":{"drawMode":0,"name":"Shaded","section":"Shading Mode"},"sceneLighting":true,"audioPlay":false,"sceneViewState":{"showFog":true,"showMaterialUpdate":false,"showSkybox":true,"showFlares":true,"showImageEffects":true,"showParticleSystems":true},"in2DMode":false,"pivot":{"x":20.40790367126465,"y":25.26825714111328,"z":-18.21293067932129},"rotation":{"x":-0.14994999766349793,"y":0.4764995872974396,"z":-0.08357448130846024,"w":-0.862368643283844},"size":1.2486127614974976,"orthographic":false}