{"cameraMode":{"drawMode":0,"name":"Shaded","section":"Shading Mode"},"sceneLighting":true,"audioPlay":false,"sceneViewState":{"showFog":true,"showMaterialUpdate":false,"showSkybox":true,"showFlares":true,"showImageEffects":true,"showParticleSystems":true},"in2DMode":false,"pivot":{"x":-4.248114585876465,"y":7.634963035583496,"z":-15.285538673400879},"rotation":{"x":0.005644993856549263,"y":-0.05124245211482048,"z":-0.0010782226454466582,"w":-0.9988425970077515},"size":1.6383049488067628,"orthographic":false}