{"cameraMode":{"drawMode":0,"name":"Shaded","section":"Shading Mode"},"sceneLighting":true,"audioPlay":false,"sceneViewState":{"showFog":true,"showMaterialUpdate":true,"showSkybox":true,"showFlares":true,"showImageEffects":true,"showParticleSystems":true},"in2DMode":false,"pivot":{"x":869.587890625,"y":648.814453125,"z":1102.623291015625},"rotation":{"x":-0.05547618493437767,"y":-0.0059564318507909779,"z":0.00012956280261278152,"w":-0.9985522627830505},"size":1108.4818115234375,"orthographic":false}