{"cameraMode":{"drawMode":0,"name":"Shaded","section":"Shading Mode"},"sceneLighting":true,"audioPlay":false,"sceneViewState":{"showFog":true,"showMaterialUpdate":true,"showSkybox":true,"showFlares":true,"showImageEffects":true,"showParticleSystems":true},"in2DMode":false,"pivot":{"x":10.85349178314209,"y":31.03107452392578,"z":-28.401145935058595},"rotation":{"x":0.3550911545753479,"y":-0.08317135274410248,"z":0.031746745109558108,"w":0.9306591749191284},"size":86.71916961669922,"orthographic":false}