{"cameraMode":{"drawMode":0,"name":"Shaded","section":"Shading Mode"},"sceneLighting":true,"audioPlay":false,"sceneViewState":{"showFog":true,"showMaterialUpdate":false,"showSkybox":true,"showFlares":true,"showImageEffects":true,"showParticleSystems":true},"in2DMode":false,"pivot":{"x":17.712257385253908,"y":14.75474739074707,"z":14.019892692565918},"rotation":{"x":-0.0004264434101060033,"y":-0.9998499155044556,"z":-0.01709889806807041,"w":0.014974765479564667},"size":12.620351791381836,"orthographic":false}