{"cameraMode":{"drawMode":0,"name":"Shaded","section":"Shading Mode"},"sceneLighting":true,"audioPlay":false,"sceneViewState":{"showFog":true,"showMaterialUpdate":true,"showSkybox":true,"showFlares":true,"showImageEffects":true,"showParticleSystems":true},"in2DMode":false,"pivot":{"x":15.681079864501954,"y":6.485211372375488,"z":-1.3379336595535279},"rotation":{"x":0.22045175731182099,"y":-0.10134761035442352,"z":0.02313701994717121,"w":0.9699332118034363},"size":3.851386785507202,"orthographic":false}