{"cameraMode":{"drawMode":0,"name":"Shaded","section":"Shading Mode"},"sceneLighting":true,"audioPlay":false,"sceneViewState":{"showFog":true,"showMaterialUpdate":false,"showSkybox":true,"showFlares":true,"showImageEffects":true,"showParticleSystems":true},"in2DMode":false,"pivot":{"x":779.438232421875,"y":441.16387939453127,"z":1.1663329601287842},"rotation":{"x":-0.008992685005068779,"y":0.01318338606506586,"z":0.00042023538844659925,"w":0.9999538660049439},"size":827.8577880859375,"orthographic":true}