{"cameraMode":{"drawMode":0,"name":"Shaded","section":"Shading Mode"},"sceneLighting":true,"audioPlay":false,"sceneViewState":{"showFog":true,"showMaterialUpdate":true,"showSkybox":true,"showFlares":true,"showImageEffects":true,"showParticleSystems":true},"in2DMode":false,"pivot":{"x":549.423583984375,"y":392.1693115234375,"z":-13.524658203125},"rotation":{"x":0.02099507488310337,"y":-0.01294969767332077,"z":0.000499025743920356,"w":0.9998213648796082},"size":286.25177001953127,"orthographic":false}