{"cameraMode":{"drawMode":0,"name":"Shaded","section":"Shading Mode"},"sceneLighting":true,"audioPlay":false,"sceneViewState":{"showFog":true,"showMaterialUpdate":false,"showSkybox":true,"showFlares":true,"showImageEffects":true,"showParticleSystems":true},"in2DMode":false,"pivot":{"x":9.646082878112793,"y":4.913933753967285,"z":-2.6956310272216799},"rotation":{"x":-0.12648804485797883,"y":-0.03331609442830086,"z":0.004243833944201469,"w":-0.9914112687110901},"size":12.620351791381836,"orthographic":false}