{"cameraMode":{"drawMode":0,"name":"Shaded","section":"Shading Mode"},"sceneLighting":true,"audioPlay":false,"sceneViewState":{"showFog":true,"showMaterialUpdate":false,"showSkybox":true,"showFlares":true,"showImageEffects":true,"showParticleSystems":true},"in2DMode":false,"pivot":{"x":1241.3240966796875,"y":726.4886474609375,"z":101.6247787475586},"rotation":{"x":-0.0389837771654129,"y":-0.017985356971621515,"z":-0.0007017796160653234,"w":0.9990779161453247},"size":515.726806640625,"orthographic":false}