{"cameraMode":{"drawMode":0,"name":"Shaded","section":"Shading Mode"},"sceneLighting":true,"audioPlay":false,"sceneViewState":{"showFog":true,"showMaterialUpdate":true,"showSkybox":true,"showFlares":true,"showImageEffects":true,"showParticleSystems":true},"in2DMode":false,"pivot":{"x":1272.040283203125,"y":772.0729370117188,"z":-143.5343017578125},"rotation":{"x":0.07491741329431534,"y":-0.021574797108769418,"z":0.0016253050416707993,"w":0.9970264434814453},"size":336.5215148925781,"orthographic":false}