{"cameraMode":{"drawMode":0,"name":"Shaded","section":"Shading Mode"},"sceneLighting":true,"audioPlay":false,"sceneViewState":{"showFog":true,"showMaterialUpdate":false,"showSkybox":true,"showFlares":true,"showImageEffects":true,"showParticleSystems":true},"in2DMode":false,"pivot":{"x":-31.71659278869629,"y":22.431921005249025,"z":29.14999771118164},"rotation":{"x":0.24060651659965516,"y":-0.00873740203678608,"z":0.002165062353014946,"w":0.970583975315094},"size":-5.109010219573975,"orthographic":false}