{"cameraMode":{"drawMode":0,"name":"Shaded","section":"Shading Mode"},"sceneLighting":true,"audioPlay":false,"sceneViewState":{"showFog":true,"showMaterialUpdate":true,"showSkybox":true,"showFlares":true,"showImageEffects":true,"showParticleSystems":true},"in2DMode":false,"pivot":{"x":-42.064727783203128,"y":14.701321601867676,"z":30.705821990966798},"rotation":{"x":0.024844136089086534,"y":0.9572627544403076,"z":-0.08638407289981842,"w":0.27519193291664126},"size":3.851386785507202,"orthographic":false}