{"cameraMode":{"drawMode":0,"name":"Shaded","section":"Shading Mode"},"sceneLighting":true,"audioPlay":false,"sceneViewState":{"showFog":true,"showMaterialUpdate":true,"showSkybox":true,"showFlares":true,"showImageEffects":true,"showParticleSystems":true},"in2DMode":false,"pivot":{"x":-9.14778995513916,"y":5.823576927185059,"z":38.395545959472659},"rotation":{"x":0.09475556015968323,"y":-0.47285518050193789,"z":0.05140051618218422,"w":0.8746265769004822},"size":3.851386785507202,"orthographic":false}